Time Steps,Average Return
1000,40.52759232482668
15000,224.29201831962789
48000,329.4666570676973
174000,211.30999665168306
610000,280.74086455053794
678000,268.5328285775686
929000,155.77648787552732
