Time Steps,Average Return
215000,532.8136929181244
414000,227.61732421395988
517000,146.88120269717777
617000,132.9391710619609
672000,220.18242515503806
958000,56.3307843277637
