Time Steps,Average Return
196000,555.0424773386545
262000,166.81396774550325
491000,650.879532538652
