Time Steps,Average Return
63000,389.11154819146077
133000,587.7491243589852
247000,598.4744691858049
335000,709.4943563174397
461000,586.3807824736976
808000,499.39624194567944
